{
  "#13thomas": {
    "13thomas": 11233124972.332,
    "d0nk7": 42535.189
  },
  "#marksoftbot": {
    "13thomas": 49691.098
  },
  "#bankai": {
    "tarsai": 203.179,
    "13thomas": 453.901,
    "caroline0k": 9003.488,
    "4jug": 10482.919,
    "cuteskeletonhats": 24940.305000000004,
    "scorpyl2": 3235.578,
    "framerates": 3235.578,
    "velimirvg": 3792.471,
    "8roe": 23424.447,
    "foundrey": 62.416,
    "zappeij": 1999.794,
    "regressz": 9467.033,
    "ashley_page": 21864.8,
    "8hvdes": 22056.33,
    "drapsnatt": 33601.596,
    "ewa_lisett": 120.67699999999999,
    "tiahelmy": 702.8510000000001,
    "sitdown_1": 1422.143,
    "foreyawe": 126.889,
    "d0nk7": 46603.518000000004,
    "vilmaaa": 3239.227,
    "mrgreen18": 130.834,
    "kirsten_lufc": 67.352,
    "abdlrehman1": 3679.876,
    "m0zka94": 321.101,
    "meryem__99": 261.51800000000003
  }
}