{
  "#13thomas": {
    "13thomas": 11233258569.395,
    "d0nk7": 84451.746,
    "dn9n": 1291.21,
    "0livia_is_lonely": 4573.991,
    "peepostreambot": 181173.541,
    "drapsnatt": 88891.565,
    "tarsai": 11588.619,
    "8hvdes": 38792.155,
    "ashley_page": 1014.248,
    "rodorigesuuu": 28018.713,
    "regressz": 32345.899,
    "8roe": 3323.538,
    "vlmercy": 638.089,
    "scorpyl2": 27009.431
  },
  "#marksoftbot": {
    "13thomas": 175336.44600000003,
    "markzynk": 13500.358,
    "ashley_page": 445.964,
    "8roe": 2819.439,
    "regressz": 31832.810999999998,
    "framerates": 26386.784,
    "dn9n": 73635.337
  },
  "#bankai": {
    "tarsai": 45736.392,
    "13thomas": 106296.014,
    "caroline0k": 34315.579,
    "4jug": 20225.82,
    "cuteskeletonhats": 68321.115,
    "scorpyl2": 34441.106,
    "framerates": 48944.643,
    "velimirvg": 42526.198,
    "8roe": 133090.43099999998,
    "foundrey": 62.416,
    "zappeij": 65537.51100000001,
    "regressz": 138882.424,
    "ashley_page": 55473.66099999999,
    "8hvdes": 108649.43999999999,
    "drapsnatt": 123893.61000000002,
    "ewa_lisett": 255.737,
    "tiahelmy": 22898.312,
    "sitdown_1": 10598.659000000001,
    "foreyawe": 126.889,
    "d0nk7": 313062.90400000004,
    "vilmaaa": 80642.261,
    "mrgreen18": 130.834,
    "kirsten_lufc": 10365.182,
    "abdlrehman1": 102016.64699999998,
    "m0zka94": 321.101,
    "meryem__99": 19086.161999999997,
    "zeze_555": 36138.747,
    "sylviettaa": 67.476,
    "louisa7394639": 62.655,
    "supernova3002": 127.436,
    "its_m1cha3l": 254.594,
    "macsam1121": 7875.631,
    "hyokun_": 8781.186,
    "selmamedina": 503.916,
    "marijkevaneck": 2178.161,
    "sina_m73": 5676.1,
    "alaciajane": 503.918,
    "nemneon": 13072.563,
    "alicegolff1": 748.277,
    "christina_wulff": 65.58,
    "emptyegghead": 1357.227,
    "pattybang": 68.619,
    "hpanner": 688.649,
    "thewhizwizard": 4675.700000000001,
    "4sini": 6782.630999999999,
    "itsjudi11": 14508.098999999998,
    "goos1113": 5139.3949999999995,
    "helenlindsay": 2945.016,
    "missbankai": 1332.1589999999999,
    "a_u_r_o_r_aaa": 66.674,
    "vatlynx": 7965.245999999999,
    "stavanger123": 1344.194,
    "w0m2": 65.834,
    "laurbreals": 372.654,
    "cnpgs": 9550.131,
    "ava_dur_481": 8635.147999999997,
    "bus7azz": 4321.5869999999995,
    "dazzle11": 9739.766,
    "coachzanqo": 29415.831000000006,
    "m_elena2356": 1177.8029999999999,
    "thebluestbell": 812.0939999999999,
    "kate_pate": 12697.781,
    "hails442": 10028.385999999999,
    "megangirling27": 12428.218,
    "fettkatt": 3338.5409999999997,
    "missme93": 371.755,
    "holly_johnstone": 308.199,
    "smorozha": 10865.63,
    "brookek5": 34807.218,
    "xhristina13": 24244.539,
    "burningtrashcan_": 10952.164,
    "datatramp": 191.462,
    "noobgamingsociety": 191.464,
    "renjibg": 263.338,
    "lancel07": 62.723,
    "angmeij": 816.952,
    "katia_x": 1501.9500000000003,
    "nikoa666": 19317.96,
    "neamshot": 3668.2219999999998,
    "j0rdan_9": 681.59,
    "itzamyj": 19460.792999999994,
    "meraelmasrix": 1688.895,
    "florance_boylin": 62.556,
    "ancsi481": 16296.03,
    "pointyjoystick": 961.767,
    "dogandcie": 7392.598,
    "dcsiobhan": 3349.401,
    "xliuu": 3411.097,
    "chelseahsmith": 37008.464,
    "nbk100d": 307.367,
    "ivannapro": 13753.747000000001,
    "tedkata_": 261.887,
    "madmill15": 30878.943,
    "catavlad21": 10766.456999999999,
    "upthet00n19": 127.142,
    "jems444": 33163.551,
    "seacows122": 22978.261,
    "maldark11": 56.678,
    "youmeanlikestacey": 20149.906,
    "thebeast_76": 56.236,
    "carrie_fish": 8300.246,
    "karenw23": 27036.908,
    "tschulchen": 13409.993999999999,
    "sophieedbrooke": 40078.947,
    "pehabxd": 11910.544,
    "kieranb": 124.498,
    "sydneyaiko4": 35786.253000000004,
    "pixiebird04": 882.029,
    "ash1md_": 195.126,
    "violetfoxxz": 492.043,
    "that_one_carolina": 1575.7839999999999,
    "kiiika": 822.82,
    "lfranchitti": 16606.484,
    "andygoulding": 1152.525,
    "notsus_ttv": 184.625,
    "p3t3_ttv": 1337.998,
    "billeffinmurray": 1337.999,
    "poofius_": 8601.554999999998,
    "lyubomir87": 57.851,
    "kazarmichka": 13799.092999999999,
    "max_fewtrell": 11785.502,
    "danny280795": 5349.916,
    "bigwackk": 1901.274,
    "renatazp2022": 20619.612,
    "sarakziteazp": 3110.657,
    "katriona4": 1522.326,
    "s0phia_4": 32784.191,
    "eazymoney216hwc": 2549.421,
    "toonzaarzi": 3046.7839999999997,
    "glazedtenure": 2799.896,
    "intentladder": 3115.285,
    "mirandao13": 63.86,
    "gisoni": 327.934,
    "mylimas7": 64611.799,
    "avili": 42864.532,
    "mr_hopps22": 12208.561,
    "dangermaus82": 25431.858,
    "blued3vil96": 315.734,
    "kaliko_15": 24541.006999999998,
    "hoda_mahm": 34341.147000000004,
    "jammyboi0194sq": 3178.148,
    "tonytiger09bjx": 2858.526,
    "leakybacklog": 2985.148,
    "dizboikat30": 2553.401,
    "infernaltinc": 2738.247,
    "oanavancea": 30212.845,
    "vvade88t5n": 2485.567,
    "departeddomici": 2985.155,
    "belowyntcw": 2424.247,
    "artificialdunce": 2923.153,
    "hideathwingetv": 3053.661,
    "keshamelnikovahnx": 2985.159,
    "catboy135797h": 3179.14,
    "crmzntearstj7": 3239.796,
    "socialistsand": 2678.89,
    "part1cularexepe": 3110.639,
    "bleachedconvoca": 3179.142,
    "unreliablecut": 3239.798,
    "austinfcj4o": 3239.799,
    "timm5577bpf": 2984.019,
    "tuffut73u": 2611.056,
    "favoredstreet": 3110.642,
    "xsenicyxit": 2611.057,
    "korrako_gp4": 2678.895,
    "milsy1987rm0": 3110.644,
    "lousysuperstition": 2922.978,
    "madtex18gd": 3048.64,
    "allforthemaxqcx": 2984.023,
    "d3nt1nqbk": 2747.761,
    "ghostlybel": 2922.981,
    "incube1980oag": 3179.151,
    "baldingje": 3110.648,
    "vislamarimuib": 3110.649,
    "ivve_ggenk": 3048.644,
    "devofreckppb": 3179.153,
    "swaddledslothstqd": 2984.028,
    "ppgomerji": 2984.029,
    "thebuckethatguyudf": 3048.647,
    "risen_rc2h0": 2678.904,
    "staterunst": 3048.647,
    "chillwithtottenict": 3110.653,
    "meaningfulcrack": 2984.032,
    "realzyyy_eum": 3048.649,
    "adamplaysgames88ucb": 2863.753,
    "rousingmausole": 2922.989,
    "ayaya_sevonetwu": 3110.656,
    "lebiackdjf": 3179.16,
    "behavioralsoun": 3239.816,
    "austinjohnplaysazx": 3110.658,
    "oreofestarfqv": 2984.036,
    "echoingpebbl": 3110.659,
    "reportedhelic": 3179.162,
    "narves_gamingqcy": 3048.654,
    "derelictillumina": 3239.818,
    "jaxon_1993ue": 2863.759,
    "meltedfluctuation": 3110.662,
    "jazzycvtzax": 2984.04,
    "veryaftermath": 2984.041,
    "dividingmilkm": 3048.659,
    "soviet_kit7ybi9": 2747.779,
    "dysfunctionaltria": 3110.665,
    "sensoryher": 2863.762,
    "jasmine_westy": 2859.9249999999997,
    "krissemarie": 11230.437000000002,
    "arkestarue7": 3301.649,
    "mateeholly": 31766.325999999997,
    "zdanaaa": 15533.767000000002,
    "ivonnesunshine": 1393.747,
    "izz_aldin": 30184.312,
    "hylervolfhelmhod": 3541.698,
    "adooool18": 42017.25,
    "0_lonely_egirl": 45010.829,
    "0livia_is_lonely": 43728.065,
    "asmr_miyu": 36448.152,
    "denyiai": 17089.867,
    "markzynk": 18980.984,
    "ficfiddle": 8163.513,
    "brohannon_": 9038.536,
    "deathmatcher5": 20855.612,
    "sarahtreff94": 32417.785,
    "katielouise_25": 3892.3239999999996,
    "kingblack222": 11705.742,
    "dn9n": 75432.539,
    "pewprofessional": 27222.288,
    "blgup": 13583.069,
    "andban92": 279662.858,
    "raizel_y": 30197.531000000003,
    "atxsean_": 41513.883,
    "elisee03": 32495.014000000003,
    "moncik1503": 4204.593,
    "bankai900g": 137.115,
    "jshjns": 897.093,
    "linn_enmalm": 327.50399999999996,
    "someone_0481": 123.95,
    "zofiamichalina": 507.90999999999997,
    "bigtdesigns": 31744.965000000004,
    "guminyuul": 180.379,
    "discotitz_": 118.343,
    "nelli_065": 66.179,
    "nracer92": 65.659,
    "just_me_500": 567.889,
    "mj_95_": 185.027,