{
  "#13thomas": {
    "13thomas": 11233134824.193,
    "d0nk7": 42535.189,
    "dn9n": 1291.21,
    "0livia_is_lonely": 4573.991,
    "peepostreambot": 9851.862000000001,
    "drapsnatt": 41622.692,
    "tarsai": 11588.619,
    "8hvdes": 38792.155
  },
  "#marksoftbot": {
    "13thomas": 59659.933000000005
  },
  "#bankai": {
    "tarsai": 19565.887,
    "13thomas": 22520.917,
    "caroline0k": 34315.579,
    "4jug": 11671.655,
    "cuteskeletonhats": 46778.803,
    "scorpyl2": 19918.556,
    "framerates": 35298.044,
    "velimirvg": 42526.198,
    "8roe": 45148.977,
    "foundrey": 62.416,
    "zappeij": 15897.216000000002,
    "regressz": 35518.278999999995,
    "ashley_page": 42868.91399999999,
    "8hvdes": 36559.433000000005,
    "drapsnatt": 33601.596,
    "ewa_lisett": 120.67699999999999,
    "tiahelmy": 13005.94,
    "sitdown_1": 1422.143,
    "foreyawe": 126.889,
    "d0nk7": 115224.58600000001,
    "vilmaaa": 20574.038999999997,
    "mrgreen18": 130.834,
    "kirsten_lufc": 1691.789,
    "abdlrehman1": 3679.876,
    "m0zka94": 321.101,
    "meryem__99": 7924.284,
    "zeze_555": 17169.858,
    "sylviettaa": 67.476,
    "louisa7394639": 62.655,
    "supernova3002": 127.436,
    "its_m1cha3l": 254.594,
    "macsam1121": 5884.05,
    "hyokun_": 187.75,
    "selmamedina": 503.916,
    "marijkevaneck": 807.54,
    "sina_m73": 1910.142,
    "alaciajane": 503.918,
    "nemneon": 432.112,
    "alicegolff1": 748.277,
    "christina_wulff": 65.58,
    "emptyegghead": 566.311,
    "pattybang": 68.619,
    "hpanner": 688.649,
    "thewhizwizard": 2451.005,
    "4sini": 2302.679,
    "itsjudi11": 8306.527,
    "goos1113": 4947.678,
    "helenlindsay": 1675.4470000000001,
    "missbankai": 1273.598,
    "a_u_r_o_r_aaa": 66.674,
    "vatlynx": 3263.2200000000003,
    "stavanger123": 245.377,
    "w0m2": 65.834,
    "laurbreals": 372.654,
    "cnpgs": 1968.0800000000002,
    "ava_dur_481": 3891.544,
    "bus7azz": 126.866,
    "dazzle11": 8000.387999999999,
    "coachzanqo": 17206.859,
    "m_elena2356": 550.136,
    "thebluestbell": 60.357,
    "kate_pate": 3168.372,
    "hails442": 5126.018999999999,
    "megangirling27": 6923.557000000001,
    "fettkatt": 3338.5409999999997,
    "missme93": 371.755,
    "holly_johnstone": 308.199,
    "smorozha": 2464.331,
    "brookek5": 15345.850000000002,
    "xhristina13": 13261.964,
    "burningtrashcan_": 1629.6399999999999,
    "datatramp": 191.462,
    "noobgamingsociety": 191.464,
    "renjibg": 263.338,
    "lancel07": 62.723,
    "angmeij": 816.952,
    "katia_x": 754.4010000000001,
    "nikoa666": 1576.95,
    "neamshot": 3668.2219999999998,
    "j0rdan_9": 681.59,
    "itzamyj": 6918.08,
    "meraelmasrix": 1688.895,
    "florance_boylin": 62.556,
    "ancsi481": 5822.392,
    "pointyjoystick": 961.767,
    "dogandcie": 3410.755,
    "dcsiobhan": 3349.401,
    "xliuu": 3411.097,
    "chelseahsmith": 14421.772,
    "nbk100d": 187.322,
    "ivannapro": 2394.8100000000004,
    "tedkata_": 64.647,
    "madmill15": 12716.629,
    "catavlad21": 2497.977,
    "upthet00n19": 127.142,
    "jems444": 9699.996,
    "seacows122": 5535.479,
    "maldark11": 56.678,
    "youmeanlikestacey": 11117.266,
    "thebeast_76": 56.236,
    "carrie_fish": 249.075,
    "karenw23": 12234.920999999998,
    "tschulchen": 5677.097,
    "sophieedbrooke": 17979.055,
    "pehabxd": 5443.064,
    "kieranb": 124.498,
    "sydneyaiko4": 10342.459,
    "pixiebird04": 68.503,
    "ash1md_": 195.126,
    "violetfoxxz": 492.043,
    "that_one_carolina": 1259.368,
    "kiiika": 822.82,
    "lfranchitti": 5356.483,
    "andygoulding": 1152.525,
    "notsus_ttv": 184.625,
    "p3t3_ttv": 1337.998,
    "billeffinmurray": 1337.999,
    "poofius_": 7544.606,
    "lyubomir87": 57.851,
    "kazarmichka": 6954.05,
    "max_fewtrell": 1591.917,
    "danny280795": 5349.916,
    "bigwackk": 1901.274,
    "renatazp2022": 10430.04,
    "sarakziteazp": 3110.657,
    "katriona4": 1522.326,
    "s0phia_4": 20830.501,
    "eazymoney216hwc": 2549.421,
    "toonzaarzi": 3046.7839999999997,
    "glazedtenure": 2799.896,
    "intentladder": 3115.285,
    "mirandao13": 63.86,
    "gisoni": 327.934,
    "mylimas7": 15178.565999999999,
    "avili": 16175.158,
    "mr_hopps22": 11649.382,
    "dangermaus82": 13870.007,
    "blued3vil96": 315.734,
    "kaliko_15": 3742.6530000000002,
    "hoda_mahm": 13134.131000000001,
    "jammyboi0194sq": 3178.148,
    "tonytiger09bjx": 2858.526,
    "leakybacklog": 2985.148,
    "dizboikat30": 2553.401,
    "infernaltinc": 2738.247,
    "oanavancea": 13847.236,
    "vvade88t5n": 2485.567,
    "departeddomici": 2985.155,
    "belowyntcw": 2424.247,
    "artificialdunce": 2923.153,
    "hideathwingetv": 3053.661,
    "keshamelnikovahnx": 2985.159,
    "catboy135797h": 3179.14,
    "crmzntearstj7": 3239.796,
    "socialistsand": 2678.89,
    "part1cularexepe": 3110.639,
    "bleachedconvoca": 3179.142,
    "unreliablecut": 3239.798,
    "austinfcj4o": 3239.799,
    "timm5577bpf": 2984.019,
    "tuffut73u": 2611.056,
    "favoredstreet": 3110.642,
    "xsenicyxit": 2611.057,
    "korrako_gp4": 2678.895,
    "milsy1987rm0": 3110.644,
    "lousysuperstition": 2922.978,
    "madtex18gd": 3048.64,
    "allforthemaxqcx": 2984.023,
    "d3nt1nqbk": 2747.761,
    "ghostlybel": 2922.981,
    "incube1980oag": 3179.151,
    "baldingje": 3110.648,
    "vislamarimuib": 3110.649,
    "ivve_ggenk": 3048.644,
    "devofreckppb": 3179.153,
    "swaddledslothstqd": 2984.028,
    "ppgomerji": 2984.029,
    "thebuckethatguyudf": 3048.647,
    "risen_rc2h0": 2678.904,
    "staterunst": 3048.647,
    "chillwithtottenict": 3110.653,
    "meaningfulcrack": 2984.032,
    "realzyyy_eum": 3048.649,
    "adamplaysgames88ucb": 2863.753,
    "rousingmausole": 2922.989,
    "ayaya_sevonetwu": 3110.656,
    "lebiackdjf": 3179.16,
    "behavioralsoun": 3239.816,
    "austinjohnplaysazx": 3110.658,
    "oreofestarfqv": 2984.036,
    "echoingpebbl": 3110.659,
    "reportedhelic": 3179.162,
    "narves_gamingqcy": 3048.654,
    "derelictillumina": 3239.818,
    "jaxon_1993ue": 2863.759,
    "meltedfluctuation": 3110.662,
    "jazzycvtzax": 2984.04,
    "veryaftermath": 2984.041,
    "dividingmilkm": 3048.659,
    "soviet_kit7ybi9": 2747.779,
    "dysfunctionaltria": 3110.665,
    "sensoryher": 2863.762,
    "jasmine_westy": 2669.026,
    "krissemarie": 757.474,
    "arkestarue7": 3301.649,
    "mateeholly": 17426.351,
    "zdanaaa": 8304.049,
    "ivonnesunshine": 370.424,
    "izz_aldin": 25146.269,
    "hylervolfhelmhod": 3541.698,
    "adooool18": 17577.904000000002,
    "0_lonely_egirl": 18627.1,
    "0livia_is_lonely": 19326.248,
    "asmr_miyu": 19345.591000000004,
    "denyiai": 17089.867,
    "markzynk": 18980.984,
    "ficfiddle": 8163.513,
    "brohannon_": 9038.536,
    "deathmatcher5": 20855.612,
    "sarahtreff94": 5249.069,
    "katielouise_25": 1082.2939999999999,
    "kingblack222": 11705.742,
    "dn9n": 1420.992,
    "pewprofessional": 27222.288,
    "blgup": 13583.069,
    "andban92": 53765.596999999994,
    "raizel_y": 30197.531000000003,
    "atxsean_": 41513.883,
    "elisee03": 9765.475,
    "moncik1503": 4204.593,
    "bankai900g": 137.115,
    "jshjns": 897.093,
    "linn_enmalm": 258.597,
    "someone_0481": 123.95,
    "zofiamichalina": 242.292,
    "bigtdesigns": 240.436,
    "guminyuul": 180.379,
    "discotitz_": 118.343,
    "nelli_065": 66.179,
    "nracer92": 65.659,
    "just_me_500": 567.889,
    "mj_95_": 126.571,
    "aminaaaf": 319.88699999999994,
    "peggsterno": 444.203,
    "sofief1": 58.334,
    "grimmerbg": 58.334,
    "lefty12000": 113.299,
    "0ayesha": 485.019,
    "katesegon_": 1111.918,
    "redcrown_f1": 5862.876,
    "oomanokaoo": 119.07,
    "god_valhalla": 361.621,
    "autumn1833": 120.84,
    "danielaamorosa": 722.317,
    "kyria_21": 610.555,
    "cris__bg": 248.37,
    "jessy_live_": 121.677,
    "chiarinski": 778.486,
    "zoemarie0912": 252.92,
    "empty_walet": 61.113,
    "abr13786": 65.366,