{
  "#13thomas": {
    "13thomas": 11233205016.091002,
    "d0nk7": 84451.746,
    "dn9n": 1291.21,
    "0livia_is_lonely": 4573.991,
    "peepostreambot": 106033.69499999999,
    "drapsnatt": 88891.565,
    "tarsai": 11588.619,
    "8hvdes": 38792.155,
    "ashley_page": 1014.248,
    "rodorigesuuu": 28018.713,
    "regressz": 32345.899,
    "8roe": 3323.538,
    "vlmercy": 638.089,
    "scorpyl2": 27009.431
  },
  "#marksoftbot": {
    "13thomas": 129796.00000000001,
    "markzynk": 13500.358,
    "ashley_page": 445.964,
    "8roe": 2819.439,
    "regressz": 31832.810999999998,
    "framerates": 26386.784,
    "dn9n": 73635.337
  },
  "#bankai": {
    "tarsai": 38054.305,
    "13thomas": 52629.215,
    "caroline0k": 34315.579,
    "4jug": 20225.82,
    "cuteskeletonhats": 61588.679000000004,
    "scorpyl2": 19918.556,
    "framerates": 35298.044,
    "velimirvg": 42526.198,
    "8roe": 97874.823,
    "foundrey": 62.416,
    "zappeij": 57474.71700000001,
    "regressz": 117446.986,
    "ashley_page": 45641.84,
    "8hvdes": 77097.245,
    "drapsnatt": 75319.426,
    "ewa_lisett": 120.67699999999999,
    "tiahelmy": 14642.037,
    "sitdown_1": 10598.659000000001,
    "foreyawe": 126.889,
    "d0nk7": 264114.532,
    "vilmaaa": 79591.448,
    "mrgreen18": 130.834,
    "kirsten_lufc": 2149.912,
    "abdlrehman1": 65560.57699999999,
    "m0zka94": 321.101,
    "meryem__99": 16496.985999999997,
    "zeze_555": 28012.347,
    "sylviettaa": 67.476,
    "louisa7394639": 62.655,
    "supernova3002": 127.436,
    "its_m1cha3l": 254.594,
    "macsam1121": 7739.003000000001,
    "hyokun_": 433.329,
    "selmamedina": 503.916,
    "marijkevaneck": 1457.32,
    "sina_m73": 5417.183,
    "alaciajane": 503.918,
    "nemneon": 9233.303,
    "alicegolff1": 748.277,
    "christina_wulff": 65.58,
    "emptyegghead": 1220.9180000000001,
    "pattybang": 68.619,
    "hpanner": 688.649,
    "thewhizwizard": 2654.926,
    "4sini": 4550.305,
    "itsjudi11": 11834.407000000001,
    "goos1113": 5139.3949999999995,
    "helenlindsay": 2181.922,
    "missbankai": 1273.598,
    "a_u_r_o_r_aaa": 66.674,
    "vatlynx": 3263.2200000000003,
    "stavanger123": 419.124,
    "w0m2": 65.834,
    "laurbreals": 372.654,
    "cnpgs": 6190.784,
    "ava_dur_481": 6145.459999999999,
    "bus7azz": 4321.5869999999995,
    "dazzle11": 9434.188999999998,
    "coachzanqo": 24701.792,
    "m_elena2356": 550.136,
    "thebluestbell": 812.0939999999999,
    "kate_pate": 8540.771,
    "hails442": 9203.211999999998,
    "megangirling27": 10095.823,
    "fettkatt": 3338.5409999999997,
    "missme93": 371.755,
    "holly_johnstone": 308.199,
    "smorozha": 9588.546,
    "brookek5": 27305.373000000003,
    "xhristina13": 21907.6,
    "burningtrashcan_": 9247.021,
    "datatramp": 191.462,
    "noobgamingsociety": 191.464,
    "renjibg": 263.338,
    "lancel07": 62.723,
    "angmeij": 816.952,
    "katia_x": 1436.7480000000003,
    "nikoa666": 1576.95,
    "neamshot": 3668.2219999999998,
    "j0rdan_9": 681.59,
    "itzamyj": 6918.08,
    "meraelmasrix": 1688.895,
    "florance_boylin": 62.556,
    "ancsi481": 14196.502,
    "pointyjoystick": 961.767,
    "dogandcie": 3410.755,
    "dcsiobhan": 3349.401,
    "xliuu": 3411.097,
    "chelseahsmith": 35710.606999999996,
    "nbk100d": 187.322,
    "ivannapro": 10643.326000000001,
    "tedkata_": 64.647,
    "madmill15": 22077.873,
    "catavlad21": 3414.072,
    "upthet00n19": 127.142,
    "jems444": 19983.739999999998,
    "seacows122": 16770.833,
    "maldark11": 56.678,
    "youmeanlikestacey": 15852.805999999999,
    "thebeast_76": 56.236,
    "carrie_fish": 2244.913,
    "karenw23": 12303.715999999999,
    "tschulchen": 11386.307999999999,
    "sophieedbrooke": 26917.693,
    "pehabxd": 5981.006,
    "kieranb": 124.498,
    "sydneyaiko4": 17784.262,
    "pixiebird04": 388.025,
    "ash1md_": 195.126,
    "violetfoxxz": 492.043,
    "that_one_carolina": 1259.368,
    "kiiika": 822.82,
    "lfranchitti": 13662.304,
    "andygoulding": 1152.525,
    "notsus_ttv": 184.625,
    "p3t3_ttv": 1337.998,
    "billeffinmurray": 1337.999,
    "poofius_": 7662.681,
    "lyubomir87": 57.851,
    "kazarmichka": 13354.23,
    "max_fewtrell": 11263.201000000001,
    "danny280795": 5349.916,
    "bigwackk": 1901.274,
    "renatazp2022": 12472.87,
    "sarakziteazp": 3110.657,
    "katriona4": 1522.326,
    "s0phia_4": 24156.71,
    "eazymoney216hwc": 2549.421,
    "toonzaarzi": 3046.7839999999997,
    "glazedtenure": 2799.896,
    "intentladder": 3115.285,
    "mirandao13": 63.86,
    "gisoni": 327.934,
    "mylimas7": 64611.799,
    "avili": 25167.797,
    "mr_hopps22": 12208.561,
    "dangermaus82": 20457.464,
    "blued3vil96": 315.734,
    "kaliko_15": 15232.814000000002,
    "hoda_mahm": 21449.749000000003,
    "jammyboi0194sq": 3178.148,
    "tonytiger09bjx": 2858.526,
    "leakybacklog": 2985.148,
    "dizboikat30": 2553.401,
    "infernaltinc": 2738.247,
    "oanavancea": 23151.041,
    "vvade88t5n": 2485.567,
    "departeddomici": 2985.155,
    "belowyntcw": 2424.247,
    "artificialdunce": 2923.153,
    "hideathwingetv": 3053.661,
    "keshamelnikovahnx": 2985.159,
    "catboy135797h": 3179.14,
    "crmzntearstj7": 3239.796,
    "socialistsand": 2678.89,
    "part1cularexepe": 3110.639,
    "bleachedconvoca": 3179.142,
    "unreliablecut": 3239.798,
    "austinfcj4o": 3239.799,
    "timm5577bpf": 2984.019,
    "tuffut73u": 2611.056,
    "favoredstreet": 3110.642,
    "xsenicyxit": 2611.057,
    "korrako_gp4": 2678.895,
    "milsy1987rm0": 3110.644,
    "lousysuperstition": 2922.978,
    "madtex18gd": 3048.64,
    "allforthemaxqcx": 2984.023,
    "d3nt1nqbk": 2747.761,
    "ghostlybel": 2922.981,
    "incube1980oag": 3179.151,
    "baldingje": 3110.648,
    "vislamarimuib": 3110.649,
    "ivve_ggenk": 3048.644,
    "devofreckppb": 3179.153,
    "swaddledslothstqd": 2984.028,
    "ppgomerji": 2984.029,
    "thebuckethatguyudf": 3048.647,
    "risen_rc2h0": 2678.904,
    "staterunst": 3048.647,
    "chillwithtottenict": 3110.653,
    "meaningfulcrack": 2984.032,
    "realzyyy_eum": 3048.649,
    "adamplaysgames88ucb": 2863.753,
    "rousingmausole": 2922.989,
    "ayaya_sevonetwu": 3110.656,
    "lebiackdjf": 3179.16,
    "behavioralsoun": 3239.816,
    "austinjohnplaysazx": 3110.658,
    "oreofestarfqv": 2984.036,
    "echoingpebbl": 3110.659,
    "reportedhelic": 3179.162,
    "narves_gamingqcy": 3048.654,
    "derelictillumina": 3239.818,
    "jaxon_1993ue": 2863.759,
    "meltedfluctuation": 3110.662,
    "jazzycvtzax": 2984.04,
    "veryaftermath": 2984.041,
    "dividingmilkm": 3048.659,
    "soviet_kit7ybi9": 2747.779,
    "dysfunctionaltria": 3110.665,
    "sensoryher": 2863.762,
    "jasmine_westy": 2859.9249999999997,
    "krissemarie": 8919.147,
    "arkestarue7": 3301.649,
    "mateeholly": 25986.191,
    "zdanaaa": 10544.848000000002,
    "ivonnesunshine": 370.424,
    "izz_aldin": 30051.827,
    "hylervolfhelmhod": 3541.698,
    "adooool18": 25825.755000000005,
    "0_lonely_egirl": 31500.628999999997,
    "0livia_is_lonely": 30276.381,
    "asmr_miyu": 21286.688000000006,
    "denyiai": 17089.867,
    "markzynk": 18980.984,
    "ficfiddle": 8163.513,
    "brohannon_": 9038.536,
    "deathmatcher5": 20855.612,
    "sarahtreff94": 16997.134000000002,
    "katielouise_25": 2488.019,
    "kingblack222": 11705.742,
    "dn9n": 75432.539,
    "pewprofessional": 27222.288,
    "blgup": 13583.069,
    "andban92": 219448.668,
    "raizel_y": 30197.531000000003,
    "atxsean_": 41513.883,
    "elisee03": 32495.014000000003,
    "moncik1503": 4204.593,
    "bankai900g": 137.115,
    "jshjns": 897.093,
    "linn_enmalm": 258.597,
    "someone_0481": 123.95,
    "zofiamichalina": 242.292,
    "bigtdesigns": 19829.167,
    "guminyuul": 180.379,
    "discotitz_": 118.343,
    "nelli_065": 66.179,
    "nracer92": 65.659,
    "just_me_500": 567.889,
    "mj_95_": 185.027,
    "aminaaaf": 1317.79,
    "peggsterno": 444.203,
    "sofief1": 58.334,