{
  "#13thomas": {
    "13thomas": 11233124972.332,
    "d0nk7": 42535.189
  },
  "#marksoftbot": {
    "13thomas": 49691.098
  },
  "#bankai": {
    "tarsai": 12521.777,
    "13thomas": 7727.138,
    "caroline0k": 16777.845,
    "4jug": 10482.919,
    "cuteskeletonhats": 35985.259000000005,
    "scorpyl2": 3235.578,
    "framerates": 14516.625,
    "velimirvg": 3792.471,
    "8roe": 30187.622,
    "foundrey": 62.416,
    "zappeij": 12398.698000000002,
    "regressz": 29931.137,
    "ashley_page": 21864.8,
    "8hvdes": 22056.33,
    "drapsnatt": 33601.596,
    "ewa_lisett": 120.67699999999999,
    "tiahelmy": 12749.32,
    "sitdown_1": 1422.143,
    "foreyawe": 126.889,
    "d0nk7": 58268.813,
    "vilmaaa": 13176.476999999999,
    "mrgreen18": 130.834,
    "kirsten_lufc": 67.352,
    "abdlrehman1": 3679.876,
    "m0zka94": 321.101,
    "meryem__99": 2854.79,
    "zeze_555": 12168.028,
    "sylviettaa": 67.476,
    "louisa7394639": 62.655,
    "supernova3002": 127.436,
    "its_m1cha3l": 254.594,
    "macsam1121": 5884.05,
    "hyokun_": 187.75,
    "selmamedina": 503.916,
    "marijkevaneck": 503.917,
    "sina_m73": 310.089,
    "alaciajane": 503.918,
    "nemneon": 432.112,
    "alicegolff1": 748.277,
    "christina_wulff": 65.58,
    "emptyegghead": 566.311,
    "pattybang": 68.619,
    "hpanner": 688.649,
    "thewhizwizard": 130.367,
    "4sini": 883.797,
    "itsjudi11": 2395.712,
    "goos1113": 1426.5919999999999,
    "helenlindsay": 1143.518,
    "missbankai": 711.053,
    "a_u_r_o_r_aaa": 66.674,
    "vatlynx": 2094.08,
    "stavanger123": 60.825,
    "w0m2": 65.834,
    "laurbreals": 372.654,
    "cnpgs": 126.66,
    "ava_dur_481": 2340.071,
    "bus7azz": 126.866,
    "dazzle11": 5614.554,
    "coachzanqo": 9138.906,
    "m_elena2356": 191.688,
    "thebluestbell": 60.357,
    "kate_pate": 3168.372,
    "hails442": 3595.182,
    "megangirling27": 5441.466,
    "fettkatt": 3338.5409999999997,
    "missme93": 371.755,
    "holly_johnstone": 308.199,
    "smorozha": 2464.331,
    "brookek5": 9703.193000000001,
    "xhristina13": 2144.357,
    "burningtrashcan_": 1053.537,
    "datatramp": 191.462,
    "noobgamingsociety": 191.464,
    "renjibg": 263.338,
    "lancel07": 62.723,
    "angmeij": 816.952,
    "katia_x": 567.398,
    "nikoa666": 1576.95,
    "neamshot": 3668.2219999999998,
    "j0rdan_9": 681.59,
    "itzamyj": 4032.801,
    "meraelmasrix": 1688.895,
    "florance_boylin": 62.556,
    "ancsi481": 5822.392,
    "pointyjoystick": 961.767,
    "dogandcie": 3410.755,
    "dcsiobhan": 3349.401,
    "xliuu": 3411.097,
    "chelseahsmith": 8859.021,
    "nbk100d": 187.322,
    "ivannapro": 1221.1840000000002,
    "tedkata_": 64.647,
    "madmill15": 7537.77,
    "catavlad21": 116.084,
    "upthet00n19": 127.142,
    "jems444": 7194.69,
    "seacows122": 5405.68,
    "maldark11": 56.678,
    "youmeanlikestacey": 7710.906,
    "thebeast_76": 56.236,
    "carrie_fish": 186.671,
    "karenw23": 12234.920999999998,
    "tschulchen": 5287.343,
    "sophieedbrooke": 11914.675,
    "pehabxd": 5443.064,
    "kieranb": 124.498,
    "sydneyaiko4": 8039.68,
    "pixiebird04": 68.503,
    "ash1md_": 195.126,
    "violetfoxxz": 492.043,
    "that_one_carolina": 431.748,
    "kiiika": 822.82,
    "lfranchitti": 1853.791,
    "andygoulding": 1152.525,
    "notsus_ttv": 184.625,
    "p3t3_ttv": 1337.998,
    "billeffinmurray": 1337.999,
    "poofius_": 5158.876,
    "lyubomir87": 57.851,
    "kazarmichka": 5785.542,
    "max_fewtrell": 1591.917,
    "danny280795": 2830.717,
    "bigwackk": 1901.274,
    "renatazp2022": 5085.417,
    "sarakziteazp": 3110.657,
    "katriona4": 1522.326,
    "s0phia_4": 11856.374,
    "eazymoney216hwc": 2549.421,
    "toonzaarzi": 3046.7839999999997,
    "glazedtenure": 2799.896,
    "intentladder": 3115.285,
    "mirandao13": 63.86,
    "gisoni": 327.934,
    "mylimas7": 12107.059,
    "avili": 11479.23,
    "mr_hopps22": 3536.687,
    "dangermaus82": 11735.946,
    "blued3vil96": 315.734,
    "kaliko_15": 2367.001,
    "hoda_mahm": 7503.729,
    "jammyboi0194sq": 3178.148,
    "tonytiger09bjx": 2858.526,
    "leakybacklog": 2985.148,
    "dizboikat30": 2553.401,
    "infernaltinc": 2738.247,
    "oanavancea": 9758.823,
    "vvade88t5n": 2485.567,
    "departeddomici": 2985.155,
    "belowyntcw": 2424.247,
    "artificialdunce": 2923.153,
    "hideathwingetv": 3053.661,
    "keshamelnikovahnx": 2985.159,
    "catboy135797h": 3179.14,
    "crmzntearstj7": 3239.796,
    "socialistsand": 2678.89,
    "part1cularexepe": 3110.639,
    "bleachedconvoca": 3179.142,
    "unreliablecut": 3239.798,
    "austinfcj4o": 3239.799,
    "timm5577bpf": 2984.019,
    "tuffut73u": 2611.056,
    "favoredstreet": 3110.642,
    "xsenicyxit": 2611.057,
    "korrako_gp4": 2678.895,
    "milsy1987rm0": 3110.644,
    "lousysuperstition": 2922.978,
    "madtex18gd": 3048.64,
    "allforthemaxqcx": 2984.023,
    "d3nt1nqbk": 2747.761,
    "ghostlybel": 2922.981,
    "incube1980oag": 3179.151,
    "baldingje": 3110.648,
    "vislamarimuib": 3110.649,
    "ivve_ggenk": 3048.644,
    "devofreckppb": 3179.153,
    "swaddledslothstqd": 2984.028,
    "ppgomerji": 2984.029,
    "thebuckethatguyudf": 3048.647,
    "risen_rc2h0": 2678.904,
    "staterunst": 3048.647,
    "chillwithtottenict": 3110.653,
    "meaningfulcrack": 2984.032,
    "realzyyy_eum": 3048.649,
    "adamplaysgames88ucb": 2863.753,
    "rousingmausole": 2922.989,
    "ayaya_sevonetwu": 3110.656,
    "lebiackdjf": 3179.16,
    "behavioralsoun": 3239.816,
    "austinjohnplaysazx": 3110.658,
    "oreofestarfqv": 2984.036,
    "echoingpebbl": 3110.659,
    "reportedhelic": 3179.162,
    "narves_gamingqcy": 3048.654,
    "derelictillumina": 3239.818,
    "jaxon_1993ue": 2863.759,
    "meltedfluctuation": 3110.662,
    "jazzycvtzax": 2984.04,
    "veryaftermath": 2984.041,
    "dividingmilkm": 3048.659,
    "soviet_kit7ybi9": 2747.779,
    "dysfunctionaltria": 3110.665,
    "sensoryher": 2863.762,
    "jasmine_westy": 2611.58,
    "krissemarie": 757.474,
    "arkestarue7": 3301.649,
    "mateeholly": 12669.422999999999,
    "zdanaaa": 8304.049,
    "ivonnesunshine": 370.424,
    "izz_aldin": 11651.764,
    "hylervolfhelmhod": 3541.698,
    "adooool18": 14955.093,
    "0_lonely_egirl": 11465.604,
    "0livia_is_lonely": 12544.152,
    "asmr_miyu": 15187.87,
    "denyiai": 16467.602,
    "markzynk": 16349.249,
    "ficfiddle": 8163.513,
    "brohannon_": 9038.536,
    "deathmatcher5": 16826.658,
    "sarahtreff94": 492.143,
    "katielouise_25": 68.902
  }
}